{
  "format_version": "1.21.110",
  "minecraft:biome": {
    "description": {
      "identifier": "minecraft:desert_hills"
    },
    "components": {
      "minecraft:climate": {
        "downfall": 0.0,
        "snow_accumulation": [ 0.0, 0.125 ],
        "temperature": 2.0
      },
      "minecraft:multinoise_generation_rules": {
        "target_temperature": 0.4,
        "target_humidity": -0.4,
        "target_altitude": 0.2,
        "target_weirdness": 0.0,
        "weight": 0.1
      },
      "minecraft:overworld_height": {
        "noise_type": "mountains"
      },
      "minecraft:surface_builder": {
        "builder": {
          "type": "minecraft:overworld",
          "sea_floor_depth": 7,
          "sea_floor_material": "minecraft:gravel",
          "foundation_material": "minecraft:stone",
          "mid_material": "minecraft:sand",
          "top_material": "minecraft:sand",
          "sea_material": "minecraft:water"
        }
      },

      "minecraft:tags": {
        "tags": [
          "desert",
          "hills",
          "monster",
          "overworld",
          "spawns_gold_rabbits",
          "spawns_warm_variant_farm_animals"
        ]
      }
    }
  }
}
